[
    { "nom": "abc", "prenom": "def", "email": "dd@dd2.fr", "tel": "0022111" },
    { "nom": "accc", "prenom": "aze", "email": "dd@dd3.fr", "tel": "0201111" },
    { "nom": "qsd", "prenom": "fgh", "email": "dd@dd4.fr", "tel": "0001111" },
    { "nom": "qqqss", "prenom": "hjk", "email": "dd@dd5.fr", "tel": "00331111" },
    { "nom": "efg", "prenom": "lli", "email": "dd@dd6.fr", "tel": "0001111" },
    { "nom": "zez", "prenom": "OoOoo", "email": "dd@dd7.fr", "tel": "0001111" },
    { "nom": "trt", "prenom": "ddddff", "email": "dd@dqscqscd7.fr", "tel": "0001111" }
]