[
    { "nom": "Google", "logo": "https://i0.wp.com/www.grapheine.com/wp-content/uploads/2015/09/nouveau-logo-google.png?resize=750%2C371&quality=90&strip=all&ssl=1", "adresse": "rue de Paris à Creteil" },
    { "nom": "Yahoo", "logo": "https://s.yimg.com/rz/p/yahoo_homepage_en-US_s_f_p_bestfit_homepage.png", "adresse": "rue de versaille à Paris" },
    { "nom": "Amazone", "logo": "https://www.lerevenu.com/sites/site/files/styles/img_lg/public/field/image/amazon-1200x654.jpg?itok=HQqciSgL", "adresse": "rue de noisy le grand à Creteil" },
    { "nom": "Greta", "logo": "https://media-exp1.licdn.com/dms/image/C4D0BAQGLDS-iTjM3AA/company-logo_200_200/0/1525075042494?e=2159024400&v=beta&t=FSyq760DdcPKch2aZUj3AH0GdAnkGt9ujfEaXosF8-k", "adresse": "rue de new york à Creteil" }
]